System,Type,Name,SubName,Datatype,Description
Sage,contactpayments,allocated_artefacts,amount,number,The allocated amount
Sage,contactpayments,allocated_artefacts,artefact,object,The artefact the allocation relates to
Sage,contactpayments,allocated_artefacts,discount,number,The allocated discount
Sage,contactpayments,allocated_artefacts,id,string,The unique identifier for the item
Sage,contactpayments,bank_account.$path,,string,The API path for the resource
Sage,contactpayments,bank_account.displayed_as,,string,The name of the resource
Sage,contactpayments,bank_account.id,,string,The unique identifier for the item
Sage,contactpayments,base_currency_currency_charge,,number,The currency conversion charges in base currency
Sage,contactpayments,base_currency_net_amount,,number,The net amount of the payment in base currency
Sage,contactpayments,base_currency_tax_amount,,number,The tax amount of the payment in base currency
Sage,contactpayments,base_currency_total_amount,,number,The total amount of the payment in base currency
Sage,contactpayments,contact.$path,,string,The API path for the resource
Sage,contactpayments,contact.displayed_as,,string,The name of the resource
Sage,contactpayments,contact.id,,string,The unique identifier for the item
Sage,contactpayments,created_at,,string,The datetime when the item was created
Sage,contactpayments,currency.$path,,string,The API path for the resource
Sage,contactpayments,currency.displayed_as,,string,The name of the resource
Sage,contactpayments,currency.id,,string,The unique identifier for the item
Sage,contactpayments,date,,string,The date the payment was made
Sage,contactpayments,deleted_at,,string,The datetime when the item was deleted
Sage,contactpayments,displayed_as,,string,The name of the resource
Sage,contactpayments,exchange_rate,,number,The exchange rate of the payment
Sage,contactpayments,id,,string,The unique identifier for the item
Sage,contactpayments,links,href,string,The link path
Sage,contactpayments,links,rel,string,The relationship of the link to the resource
Sage,contactpayments,links,type,string,The content-type of the link
Sage,contactpayments,net_amount,,number,The net amount of the payment
Sage,contactpayments,payment_method.$path,,string,The API path for the resource
Sage,contactpayments,payment_method.displayed_as,,string,The name of the resource
Sage,contactpayments,payment_method.id,,string,The unique identifier for the item
Sage,contactpayments,payment_on_account.$path,,string,The API path for the resource
Sage,contactpayments,payment_on_account.base_currency_net_amount,,number,The net amount of the payment on account in base currency
Sage,contactpayments,payment_on_account.base_currency_outstanding_amount,,number,The outstanding amount of the payment on account in base currency
Sage,contactpayments,payment_on_account.base_currency_tax_amount,,number,The tax amount of the payment on account in base currency
Sage,contactpayments,payment_on_account.base_currency_total_amount,,number,The total amount of the payment on account in base currency
Sage,contactpayments,payment_on_account.contact,,object,
Sage,contactpayments,payment_on_account.contact_name,,string,The name of the contact when the payment on account was created
Sage,contactpayments,payment_on_account.contact_reference,,string,The reference of the contact when the payment on account was created
Sage,contactpayments,payment_on_account.created_at,,string,The datetime when the item was created
Sage,contactpayments,payment_on_account.currency,,object,
Sage,contactpayments,payment_on_account.date,,string,The date of the payment on account
Sage,contactpayments,payment_on_account.displayed_as,,string,The name of the resource
Sage,contactpayments,payment_on_account.exchange_rate,,number,The exchange rate for the payment on account
Sage,contactpayments,payment_on_account.id,,string,The unique identifier for the item
Sage,contactpayments,payment_on_account.net_amount,,number,The net amount of the payment on account
Sage,contactpayments,payment_on_account.outstanding_amount,,number,The outstanding amount of the payment on account
Sage,contactpayments,payment_on_account.reference,,string,The reference for the payment on account
Sage,contactpayments,payment_on_account.status,,object,
Sage,contactpayments,payment_on_account.tax_amount,,number,The tax amount of the payment on account
Sage,contactpayments,payment_on_account.total_amount,,number,The total amount of the payment on account
Sage,contactpayments,payment_on_account.updated_at,,string,The datetime when the item was last updated
Sage,contactpayments,reference,,string,"A reference for the payment
Note: An upper length limit of 25 or 40 characters is imposed conditionally and may not apply in every request. A hard upper limit of 255 characters is imposed by the storage layer, though."
Sage,contactpayments,tax_amount,,number,The tax amount of the payment
Sage,contactpayments,tax_rate.$path,,string,The API path for the resource
Sage,contactpayments,tax_rate.displayed_as,,string,The name of the resource
Sage,contactpayments,tax_rate.id,,string,The unique identifier for the item
Sage,contactpayments,total_amount,,number,The total amount of the payment
Sage,contactpayments,transaction.$path,,string,The API path for the resource
Sage,contactpayments,transaction.displayed_as,,string,The name of the resource
Sage,contactpayments,transaction.id,,string,The unique identifier for the item
Sage,contactpayments,transaction_type.$path,,string,The API path for the resource
Sage,contactpayments,transaction_type.displayed_as,,string,The name of the resource
Sage,contactpayments,transaction_type.id,,string,The unique identifier for the item
Sage,contactpayments,updated_at,,string,The datetime when the item was last updated
Sage,contacts,aux_reference,,string,"Auxiliary reference. Used for German 'Kreditorennummer' and 'Debitorennummer'.
<br>
<a href='https://developer.sage.com/accounting/reference/settings/#tag/Datev-Settings'>
  See Datev Settings endpoint reference
</a>
"
Sage,contacts,auxiliary_account,,string,"Auxiliary account - used when auxiliary accounting is enabled in business settings.
<br><i>Available only in Spain and France</i>
"
Sage,contacts,balance,,number,The contact balance
Sage,contacts,bank_account_details.account_name,,string,The account name
Sage,contacts,bank_account_details.account_number,,string,The account number
Sage,contacts,bank_account_details.bic,,string,The bic
Sage,contacts,bank_account_details.iban,,string,The iban
Sage,contacts,bank_account_details.sort_code,,string,The sort code
Sage,contacts,cis_registered,,boolean,Identifies a contact as being registered as CIS.<br><i>only applicable to UK business</i>
Sage,contacts,cis_settings,deduction_rate,object,The CIS Deduction rate for the contact
Sage,contacts,cis_settings,registered_cis_name,string,the CIS name for the Contact
Sage,contacts,cis_settings,subcontractor_verification_number,string,The CIS Verification number for the contact
Sage,contacts,contact_types,$path,string,The API path for the resource
Sage,contacts,contact_types,displayed_as,string,The name of the resource
Sage,contacts,contact_types,id,string,The unique identifier for the item
Sage,contacts,created_at,,string,The datetime when the item was created
Sage,contacts,credit_days,,number,"Custom credit days for the contact.<br>
If returned as null in a GET response, you may want to GET /invoice_settings
and use 'customer_credit_days'/'vendor_credit_days' as default/fallback according
to your use case.
"
Sage,contacts,credit_limit,,number,Custom credit limit amount for the contact <br><i>not applicable to Start</i>
Sage,contacts,credit_terms,,string,"Credit terms options determine how invoice due dates are calculated.
Options include: end of next month, a delay of supplier credit_days and immediately.
Only: month_end_invoice, date_from_invoice, immediate_invoice, month_end_payment,
date_from_payment, immediate_payment are valid values.
If returned as null in a GET response, you may want to GET /invoice_settings
and use 'customer_credit_terms'/'vendor_credit_terms' as default.
"
Sage,contacts,credit_terms_and_conditions,,string,"Custom terms and conditions for the contact. If set will override global /invoice_settings
default terms and conditions.
<br><i>Customers only</i>
"
Sage,contacts,currency.$path,,string,The API path for the resource
Sage,contacts,currency.displayed_as,,string,The name of the resource
Sage,contacts,currency.id,,string,The unique identifier for the item
Sage,contacts,default_purchase_ledger_account.$path,,string,The API path for the resource
Sage,contacts,default_purchase_ledger_account.balance_details,,object,The ledger account balance details for the date range provided
Sage,contacts,default_purchase_ledger_account.cis_labour,,boolean,Indicates whether the ledger account is flagged for CIS Labour
Sage,contacts,default_purchase_ledger_account.cis_materials,,boolean,Indicates whether the ledger account is flagged for CIS Materials
Sage,contacts,default_purchase_ledger_account.control_name,,string,"The control name for the ledger account.

This is used internally by Accounting to identify the correct ledger account for booking taxes etc.
You cannot add ledger accounts with control name and you cannot modify the control name of existing
ledger accounts.
"
Sage,contacts,default_purchase_ledger_account.created_at,,string,The datetime when the item was created
Sage,contacts,default_purchase_ledger_account.display_formatted,,string,The display name formatted based on coa_list_order in settings
Sage,contacts,default_purchase_ledger_account.display_name,,string,The display name for the ledger account
Sage,contacts,default_purchase_ledger_account.displayed_as,,string,The name of the resource
Sage,contacts,default_purchase_ledger_account.fixed_tax_rate,,boolean,Indicates whether the default tax rate is fixed or may be changed per transaction
Sage,contacts,default_purchase_ledger_account.gifi_code,,integer,"The GIFI code of the ledger account.

GIFI is short for The General Index of Financial Information and it lets the CRA validate tax information electronically instead of manually.
Information from financial statements is categorized under the appropriate 4-digit-long GIFI code and entered on corporate income tax returns.
GIFI is needed when filing a T2 income tax return.

_Canada only_
"
Sage,contacts,default_purchase_ledger_account.id,,string,The unique identifier for the item
Sage,contacts,default_purchase_ledger_account.included_in_chart,,boolean,Indicates whether the ledger account is included in the chart of accounts
Sage,contacts,default_purchase_ledger_account.is_control_account,,boolean,"Indicates whether the ledger account is a control account.

Control accounts cannot be removed. See also `control_name`.
"
Sage,contacts,default_purchase_ledger_account.ledger_account_classification,,object,The ledger account classification for the ledger account
Sage,contacts,default_purchase_ledger_account.ledger_account_group,,object,The ledger account group for the account
Sage,contacts,default_purchase_ledger_account.ledger_account_type,,object,The ledger account type for the ledger account
Sage,contacts,default_purchase_ledger_account.name,,string,"The name for the ledger account.

Changes to this field do not propagate to other resources, namely not to the name of the associated
bank_account (unlike the behaviour of the UI).
"
Sage,contacts,default_purchase_ledger_account.nominal_code,,integer,The nominal code of the ledger account
Sage,contacts,default_purchase_ledger_account.non_recoverable_ledger_account,,object,The non-recoverable ledger account (Canada Only). $ref: #/definitions/LedgerAccount
Sage,contacts,default_purchase_ledger_account.recoverable_percentage,,number,The partial recoverable tax rate (Canada only)
Sage,contacts,default_purchase_ledger_account.tax_instalment,,boolean,Indicates whether the ledger account is flagged for Tax Intalment (Canada only)
Sage,contacts,default_purchase_ledger_account.tax_rate,,object,The default tax rate for the ledger account
Sage,contacts,default_purchase_ledger_account.tax_recoverable,,boolean,"Indicates that transactions posted to this ledger account have part recoverable taxes (Canada only)
"
Sage,contacts,default_purchase_ledger_account.updated_at,,string,The datetime when the item was last updated
Sage,contacts,default_purchase_ledger_account.visible_in_banking,,boolean,Indicates whether the ledger account is displayed in the banking area of the application
Sage,contacts,default_purchase_ledger_account.visible_in_expenses,,boolean,Indicates whether the ledger account is displayed in the purchases area of the application
Sage,contacts,default_purchase_ledger_account.visible_in_journals,,boolean,Indicates whether the ledger account is displayed in the journals area of the application
Sage,contacts,default_purchase_ledger_account.visible_in_other_payments,,boolean,"Indicates whether the ledger account is displayed in the other payments area of the application
"
Sage,contacts,default_purchase_ledger_account.visible_in_other_receipts,,boolean,"Indicates whether the ledger account is displayed in the other receipts area of the application
"
Sage,contacts,default_purchase_ledger_account.visible_in_reporting,,boolean,Indicates whether the ledger account is displayed in the reporting area of the application
Sage,contacts,default_purchase_ledger_account.visible_in_sales,,boolean,Indicates whether the ledger account is displayed in the sales area of the application
Sage,contacts,default_purchase_ledger_account.visible_scopes,,array,"The visible scopes for the ledger account.

This indicates in which of the UI's areas the ledger account is displayed and available for user
selection. Possible entries in this array are `bank`, `sales`, `purchasing`, `other_payment`,
`other_receipt`, `reporting`, `journals`, `sales_eu`, `sales_row`, `purchasing_eu`, `purchasing_row`
and `purchasing_hrc`.
"
Sage,contacts,default_sales_ledger_account.$path,,string,The API path for the resource
Sage,contacts,default_sales_ledger_account.balance_details,,object,The ledger account balance details for the date range provided
Sage,contacts,default_sales_ledger_account.cis_labour,,boolean,Indicates whether the ledger account is flagged for CIS Labour
Sage,contacts,default_sales_ledger_account.cis_materials,,boolean,Indicates whether the ledger account is flagged for CIS Materials
Sage,contacts,default_sales_ledger_account.control_name,,string,"The control name for the ledger account.

This is used internally by Accounting to identify the correct ledger account for booking taxes etc.
You cannot add ledger accounts with control name and you cannot modify the control name of existing
ledger accounts.
"
Sage,contacts,default_sales_ledger_account.created_at,,string,The datetime when the item was created
Sage,contacts,default_sales_ledger_account.display_formatted,,string,The display name formatted based on coa_list_order in settings
Sage,contacts,default_sales_ledger_account.display_name,,string,The display name for the ledger account
Sage,contacts,default_sales_ledger_account.displayed_as,,string,The name of the resource
Sage,contacts,default_sales_ledger_account.fixed_tax_rate,,boolean,Indicates whether the default tax rate is fixed or may be changed per transaction
Sage,contacts,default_sales_ledger_account.gifi_code,,integer,"The GIFI code of the ledger account.

GIFI is short for The General Index of Financial Information and it lets the CRA validate tax information electronically instead of manually.
Information from financial statements is categorized under the appropriate 4-digit-long GIFI code and entered on corporate income tax returns.
GIFI is needed when filing a T2 income tax return.

_Canada only_
"
Sage,contacts,default_sales_ledger_account.id,,string,The unique identifier for the item
Sage,contacts,default_sales_ledger_account.included_in_chart,,boolean,Indicates whether the ledger account is included in the chart of accounts
Sage,contacts,default_sales_ledger_account.is_control_account,,boolean,"Indicates whether the ledger account is a control account.

Control accounts cannot be removed. See also `control_name`.
"
Sage,contacts,default_sales_ledger_account.ledger_account_classification,,object,The ledger account classification for the ledger account
Sage,contacts,default_sales_ledger_account.ledger_account_group,,object,The ledger account group for the account
Sage,contacts,default_sales_ledger_account.ledger_account_type,,object,The ledger account type for the ledger account
Sage,contacts,default_sales_ledger_account.name,,string,"The name for the ledger account.

Changes to this field do not propagate to other resources, namely not to the name of the associated
bank_account (unlike the behaviour of the UI).
"
Sage,contacts,default_sales_ledger_account.nominal_code,,integer,The nominal code of the ledger account
Sage,contacts,default_sales_ledger_account.non_recoverable_ledger_account,,object,The non-recoverable ledger account (Canada Only). $ref: #/definitions/LedgerAccount
Sage,contacts,default_sales_ledger_account.recoverable_percentage,,number,The partial recoverable tax rate (Canada only)
Sage,contacts,default_sales_ledger_account.tax_instalment,,boolean,Indicates whether the ledger account is flagged for Tax Intalment (Canada only)
Sage,contacts,default_sales_ledger_account.tax_rate,,object,The default tax rate for the ledger account
Sage,contacts,default_sales_ledger_account.tax_recoverable,,boolean,"Indicates that transactions posted to this ledger account have part recoverable taxes (Canada only)
"
Sage,contacts,default_sales_ledger_account.updated_at,,string,The datetime when the item was last updated
Sage,contacts,default_sales_ledger_account.visible_in_banking,,boolean,Indicates whether the ledger account is displayed in the banking area of the application
Sage,contacts,default_sales_ledger_account.visible_in_expenses,,boolean,Indicates whether the ledger account is displayed in the purchases area of the application
Sage,contacts,default_sales_ledger_account.visible_in_journals,,boolean,Indicates whether the ledger account is displayed in the journals area of the application
Sage,contacts,default_sales_ledger_account.visible_in_other_payments,,boolean,"Indicates whether the ledger account is displayed in the other payments area of the application
"
Sage,contacts,default_sales_ledger_account.visible_in_other_receipts,,boolean,"Indicates whether the ledger account is displayed in the other receipts area of the application
"
Sage,contacts,default_sales_ledger_account.visible_in_reporting,,boolean,Indicates whether the ledger account is displayed in the reporting area of the application
Sage,contacts,default_sales_ledger_account.visible_in_sales,,boolean,Indicates whether the ledger account is displayed in the sales area of the application
Sage,contacts,default_sales_ledger_account.visible_scopes,,array,"The visible scopes for the ledger account.

This indicates in which of the UI's areas the ledger account is displayed and available for user
selection. Possible entries in this array are `bank`, `sales`, `purchasing`, `other_payment`,
`other_receipt`, `reporting`, `journals`, `sales_eu`, `sales_row`, `purchasing_eu`, `purchasing_row`
and `purchasing_hrc`.
"
Sage,contacts,default_sales_tax_rate.$path,,string,The API path for the resource
Sage,contacts,default_sales_tax_rate.displayed_as,,string,The name of the resource
Sage,contacts,default_sales_tax_rate.id,,string,The unique identifier for the item
Sage,contacts,deletable,,boolean,Indicates whether the contact can be deleted successfully
Sage,contacts,deleted_at,,string,The datetime when the item was deleted
Sage,contacts,delivery_address.$path,,string,The API path for the resource
Sage,contacts,delivery_address.addressLine_1,,string,The first line of the address
Sage,contacts,delivery_address.addressLine_2,,string,The second line of the address
Sage,contacts,delivery_address.address_type,,object,"Defines the nature of the address (Shipping, Billing, Head Office etc.).<br>Start defaults to 'Sales' for Customers and 'Purchasing' for Vendors"
Sage,contacts,delivery_address.bank_account,,object,"The related bank account of the address, if the address belongs to a bank account."
Sage,contacts,delivery_address.city,,string,The address town/city
Sage,contacts,delivery_address.contact,,object,"The related contact of the address, if the address belongs to a contact."
Sage,contacts,delivery_address.country,,object,The address country
Sage,contacts,delivery_address.country_group,,object,Country group allows countries to be filtered for selection.<br>Set it to e.g. EU if the address is within the EEC.
Sage,contacts,delivery_address.created_at,,string,The datetime when the item was created
Sage,contacts,delivery_address.deleted_at,,string,The datetime when the item was deleted
Sage,contacts,delivery_address.displayed_as,,string,The name of the resource
Sage,contacts,delivery_address.id,,string,The unique identifier for the item
Sage,contacts,delivery_address.is_main_address,,boolean,Specifies the address as the contact's main address. Only a single address can exist for a contact in Start so this is always true when returned by the API but cannot be seen in the UI
Sage,contacts,delivery_address.name,,string,The custom name of the address
Sage,contacts,delivery_address.postal_code,,string,The address postal code/zipcode
Sage,contacts,delivery_address.region,,string,The address state/province/region
Sage,contacts,delivery_address.updated_at,,string,The datetime when the item was last updated
Sage,contacts,destination_vat_blocking,,boolean,Identifies a contact should be blocked due to destination vat
Sage,contacts,displayed_as,,string,The name of the resource
Sage,contacts,email,,string,The email address for the given contact
Sage,contacts,gb_based,,boolean,Identifies a contact as being based in Great Britain.
Sage,contacts,gdpr_obfuscated,,boolean,"General Data Protection Regulation (GDPR) came into effect on 25th May 2018. It introduces new rules for how business owners manage their contacts' personal data. When this field returns 'true', means that the contact has been requested to be obfuscated and you can not create any artifact (sales invoices, purchase invoices, ...) but you can still check previously created artifacts."
Sage,contacts,has_unfinished_recurring_invoices,,boolean,Indicates whether the contact is associated with any unfinished recurring invoices
Sage,contacts,id,,string,The unique identifier for the item
Sage,contacts,is_active,,boolean,Identifies a contact as being active
Sage,contacts,links,href,string,The link path
Sage,contacts,links,rel,string,The relationship of the link to the resource
Sage,contacts,links,type,string,The content-type of the link
Sage,contacts,locale,,string,The locale for the contact
Sage,contacts,main_address.$path,,string,The API path for the resource
Sage,contacts,main_address.addressLine_1,,string,The first line of the address
Sage,contacts,main_address.addressLine_2,,string,The second line of the address
Sage,contacts,main_address.address_type,,object,"Defines the nature of the address (Shipping, Billing, Head Office etc.).<br>Start defaults to 'Sales' for Customers and 'Purchasing' for Vendors"
Sage,contacts,main_address.bank_account,,object,"The related bank account of the address, if the address belongs to a bank account."
Sage,contacts,main_address.city,,string,The address town/city
Sage,contacts,main_address.contact,,object,"The related contact of the address, if the address belongs to a contact."
Sage,contacts,main_address.country,,object,The address country
Sage,contacts,main_address.country_group,,object,Country group allows countries to be filtered for selection.<br>Set it to e.g. EU if the address is within the EEC.
Sage,contacts,main_address.created_at,,string,The datetime when the item was created
Sage,contacts,main_address.deleted_at,,string,The datetime when the item was deleted
Sage,contacts,main_address.displayed_as,,string,The name of the resource
Sage,contacts,main_address.id,,string,The unique identifier for the item
Sage,contacts,main_address.is_main_address,,boolean,Specifies the address as the contact's main address. Only a single address can exist for a contact in Start so this is always true when returned by the API but cannot be seen in the UI
Sage,contacts,main_address.name,,string,The custom name of the address
Sage,contacts,main_address.postal_code,,string,The address postal code/zipcode
Sage,contacts,main_address.region,,string,The address state/province/region
Sage,contacts,main_address.updated_at,,string,The datetime when the item was last updated
Sage,contacts,main_contact_person.$path,,string,The API path for the resource
Sage,contacts,main_contact_person.address,,object,The address of the contact person
Sage,contacts,main_contact_person.contact_person_types,,array,"The contact person types for the contact person. Get possible types by retrieving
<a href='https://developer.sage.com/accounting/reference/contacts/#operation/getContactPersonTypes'>
  all available contact person types
</a>.
"
Sage,contacts,main_contact_person.created_at,,string,The datetime when the item was created
Sage,contacts,main_contact_person.deleted_at,,string,The datetime when the item was deleted
Sage,contacts,main_contact_person.displayed_as,,string,The name of the resource
Sage,contacts,main_contact_person.email,,string,The email address of the contact person
Sage,contacts,main_contact_person.fax,,string,The fax number of the contact person
Sage,contacts,main_contact_person.id,,string,The unique identifier for the item
Sage,contacts,main_contact_person.is_main_contact,,boolean,"Indicates whether this is the main contact person. Per contact, only one main contact can be selected."
Sage,contacts,main_contact_person.is_preferred_contact,,boolean,Indicates whether this contact person is a preferred contact
Sage,contacts,main_contact_person.job_title,,string,The job title of the contact person
Sage,contacts,main_contact_person.mobile,,string,The mobile number of the contact person
Sage,contacts,main_contact_person.name,,string,The name of the contact person
Sage,contacts,main_contact_person.telephone,,string,The telephone number of the contact person
Sage,contacts,main_contact_person.updated_at,,string,The datetime when the item was last updated
Sage,contacts,mandate_active,,boolean,Not found in the docs
Sage,contacts,name,,string,The contact's full name or business name
Sage,contacts,ni_based,,boolean,Identifies a contact as being based in Northern Ireland.
Sage,contacts,notes,,string,The notes for the contact
Sage,contacts,preferred_address.$path,,string,
Sage,contacts,preferred_address.displayed_as,,string,
Sage,contacts,preferred_address.id,,string,
Sage,contacts,preferred_contact_person.$path,,string,
Sage,contacts,preferred_contact_person.displayed_as,,string,
Sage,contacts,preferred_contact_person.id,,string,
Sage,contacts,product_sales_price_type.$path,,string,The API path for the resource
Sage,contacts,product_sales_price_type.displayed_as,,string,The name of the resource
Sage,contacts,product_sales_price_type.id,,string,The unique identifier for the item
Sage,contacts,reference,,string,"Auxiliary reference. Used for German 'Kreditorennummer' and 'Debitorennummer'.
<br>
<a href='https://developer.sage.com/accounting/reference/settings/#tag/Datev-Settings'>
  See Datev Settings endpoint reference
</a>
"
Sage,contacts,registered_number,,string,The registered number of the contact's business. Only used for German businesses and represents the 'Steuernummer' there (not the 'USt-ID').
Sage,contacts,send_statements,,boolean,Not found in the docs
Sage,contacts,source_guid,,string,Used when importing contacts from external sources
Sage,contacts,statement_run.id,,string,
Sage,contacts,statement_run.name,,string,
Sage,contacts,system,,boolean,Identifies a contact as being a system contact used for processing specific transaction types and reserved specifically for those transaction types such as tax return payments/refunds.
Sage,contacts,tax_calculation,,string,"<b>France:</b> The tax calculation method used to define tax
treatment <i>Vendors only</i>
<br>
<b>Spain:</b> Defines if contact is a retailer and tax is subject
to Recargo de Equivalencia <i>Customers only</i>
<b>United Kingdom:</b> Defines if contact tax treatment is domestic reverse
charge <i>Customers & Suppliers</i>
"
Sage,contacts,tax_number,,string,The VAT registration number of the contact. The format will be validated.
Sage,contacts,tax_treatment.eu_not_tax_registered,,boolean,Indicates an EU contact without a tax number - home tax rules should be applied
Sage,contacts,tax_treatment.eu_tax_registered,,boolean,Indicates a contact where EC tax rules should be applied
Sage,contacts,tax_treatment.home_tax,,boolean,Indicates a contact where home country tax rules should be applied
Sage,contacts,tax_treatment.is_importer,,boolean,"Indicates a contact where import rules should be appliedOnly used for suppliers and FR, ES, IE and UK businesses"
Sage,contacts,tax_treatment.rest_of_world_tax,,boolean,Indicates a contact where rest of world tax rules should be applied
Sage,contacts,updated_at,,string,The datetime when the item was last updated
Sage,otherpayments,bank_account.$path,,string,The API path for the resource
Sage,otherpayments,bank_account.displayed_as,,string,The name of the resource
Sage,otherpayments,bank_account.id,,string,The unique identifier for the item
Sage,otherpayments,baseCurrencyTotalItrAmount,,number,"The total amount of input tax refund in base currency for the
                     Other Payment (Canada only)"
Sage,otherpayments,base_currency_total_itc_amount,,number,"The total amount of input tax credit in base currency for the
                     Other Payment (Canada only)"
Sage,otherpayments,contact.$path,,string,The API path for the resource
Sage,otherpayments,contact.displayed_as,,string,The name of the resource
Sage,otherpayments,contact.id,,string,The unique identifier for the item
Sage,otherpayments,created_at,,string,The datetime when the item was created
Sage,otherpayments,date,,string,The date of the payment
Sage,otherpayments,deletable,,boolean,Indicates whether or not the payment can be deleted
Sage,otherpayments,deleted_at,,string,The datetime when the item was deleted
Sage,otherpayments,displayed_as,,string,The name of the resource
Sage,otherpayments,editable,,boolean,Indicates whether or not the payment can be edited
Sage,otherpayments,id,,string,The unique identifier for the item
Sage,otherpayments,net_amount,,number,The net amount of the payment
Sage,otherpayments,part_recoverable,,boolean,Indicates if the Other Payment is part recoverable or not (Canada only)
Sage,otherpayments,payment_lines,analysis_type_categories,array,The analysis types information
Sage,otherpayments,payment_lines,details,string,The details of the payment line
Sage,otherpayments,payment_lines,displayed_as,string,The name of the resource
Sage,otherpayments,payment_lines,gst_amount,number,The gst or hst tax amount for the other payment
Sage,otherpayments,payment_lines,id,string,The unique identifier for the item
Sage,otherpayments,payment_lines,is_purchase_for_resale,boolean,Identifies whether the line item is for resale. (Ireland only)
Sage,otherpayments,payment_lines,ledger_account,object,
Sage,otherpayments,payment_lines,net_amount,number,The net amount of the payment line
Sage,otherpayments,payment_lines,pst_amount,number,The pst or qst tax amount for the other payment
Sage,otherpayments,payment_lines,tax_amount,number,The tax amount of the payment line
Sage,otherpayments,payment_lines,tax_breakdown,array,The tax breakdown for the payment line
Sage,otherpayments,payment_lines,tax_rate,object,
Sage,otherpayments,payment_lines,tax_recoverable,boolean,Indicates if the other payment is tax recoverable or not
Sage,otherpayments,payment_lines,total_amount,number,The total amount of the payment line
Sage,otherpayments,payment_lines,trade_of_asset,boolean,Whether the line item is marked as trade of asset.
Sage,otherpayments,payment_method.$path,,string,The API path for the resource
Sage,otherpayments,payment_method.displayed_as,,string,The name of the resource
Sage,otherpayments,payment_method.id,,string,The unique identifier for the item
Sage,otherpayments,reference,,string,"A reference of the payment
Note: An upper length limit of 25 or 40 characters is imposed conditionally and may not apply in every request. A hard upper limit of 255 characters is imposed by the storage layer, though."
Sage,otherpayments,tax_address_region.$path,,string,The API path for the resource
Sage,otherpayments,tax_address_region.displayed_as,,string,The name of the resource
Sage,otherpayments,tax_address_region.id,,string,The unique identifier for the item
Sage,otherpayments,tax_amount,,number,The tax amount of the payment
Sage,otherpayments,total_amount,,number,The total amount of the payment
Sage,otherpayments,total_itc_amount,,number,The total amount of input tax credit for the Other Payment (Canada only)
Sage,otherpayments,total_itr_amount,,number,The total amount of input tax refund for the Other Payment (Canada only)
Sage,otherpayments,transaction.$path,,string,The API path for the resource
Sage,otherpayments,transaction.displayed_as,,string,The name of the resource
Sage,otherpayments,transaction.id,,string,The unique identifier for the item
Sage,otherpayments,transaction_type.$path,,string,The API path for the resource
Sage,otherpayments,transaction_type.displayed_as,,string,The name of the resource
Sage,otherpayments,transaction_type.id,,string,The unique identifier for the item
Sage,otherpayments,updated_at,,string,The datetime when the item was last updated
Sage,otherpayments,withholding_tax_amount,,number,IRPF withheld tax amount
Sage,otherpayments,withholding_tax_rate,,number,IRPF withheld tax rate
Sage,paymentmethods,displayed_as,,string,The name of the resource
Sage,paymentmethods,id,,string,The unique identifier for the item
Sage,products,active,,boolean,Indicates whether the product is active
Sage,products,catalog_item_type.$path,,string,The API path for the resource
Sage,products,catalog_item_type.displayed_as,,string,The name of the resource
Sage,products,catalog_item_type.id,,string,The unique identifier for the item
Sage,products,cost_price,,number,The cost price of the product
Sage,products,created_at,,string,The datetime when the item was created
Sage,products,deactivatable,,boolean,Indicates whether the product can be deactivated
Sage,products,deletable,,boolean,Indicates whether the product can be deleted
Sage,products,deleted_at,,string,The datetime when the item was deleted
Sage,products,description,,string,The product description
Sage,products,displayed_as,,string,The name of the resource
Sage,products,id,,string,The unique identifier for the item
Sage,products,item_code,,string,The item code for the product
Sage,products,notes,,string,The notes for the product
Sage,products,purchase_description,,string,The product purchase description
Sage,products,purchase_ledger_account.$path,,string,The API path for the resource
Sage,products,purchase_ledger_account.displayed_as,,string,The name of the resource
Sage,products,purchase_ledger_account.id,,string,The unique identifier for the item
Sage,products,purchase_tax_rate.$path,,string,The API path for the resource
Sage,products,purchase_tax_rate.displayed_as,,string,The name of the resource
Sage,products,purchase_tax_rate.id,,string,The unique identifier for the item
Sage,products,sales_ledger_account.$path,,string,The API path for the resource
Sage,products,sales_ledger_account.displayed_as,,string,The name of the resource
Sage,products,sales_ledger_account.id,,string,The unique identifier for the item
Sage,products,sales_prices,created_at,string,The datetime when the item was created
Sage,products,sales_prices,displayed_as,string,The name of the resource
Sage,products,sales_prices,id,string,The unique identifier for the item
Sage,products,sales_prices,price,number,The sales price amount
Sage,products,sales_prices,price_includes_tax,boolean,Indicates whether the sales price already includes tax
Sage,products,sales_prices,price_name,string,The name of the product sales price
Sage,products,sales_prices,product_sales_price_type,object,
Sage,products,sales_prices,updated_at,string,The datetime when the item was last updated
Sage,products,sales_tax_rate.$path,,string,The API path for the resource
Sage,products,sales_tax_rate.displayed_as,,string,The name of the resource
Sage,products,sales_tax_rate.id,,string,The unique identifier for the item
Sage,products,source_guid,,string,Used when importing products from external sources
Sage,products,updated_at,,string,The datetime when the item was last updated
Sage,products,used_on_recurring_invoice,,boolean,Indicates whether the product has been used on a recurring invoice
Sage,products,usual_supplier.$path,,string,The API path for the resource
Sage,products,usual_supplier.aux_reference,,string,"Auxiliary reference. Used for German 'Kreditorennummer' and 'Debitorennummer'.
<br>
<a href='https://developer.sage.com/accounting/reference/settings/#tag/Datev-Settings'>
  See Datev Settings endpoint reference
</a>
"
Sage,products,usual_supplier.auxiliary_account,,string,"Auxiliary account - used when auxiliary accounting is enabled in business settings.
<br><i>Available only in Spain and France</i>
"
Sage,products,usual_supplier.balance,,number,The contact balance
Sage,products,usual_supplier.bank_account_details,,object,
Sage,products,usual_supplier.cis_registered,,boolean,Identifies a contact as being registered as CIS.<br><i>only applicable to UK business</i>
Sage,products,usual_supplier.cis_settings,,object,
Sage,products,usual_supplier.contact_types,,array,The type of the contact. It has to be either CUSTOMER or VENDOR
Sage,products,usual_supplier.created_at,,string,The datetime when the item was created
Sage,products,usual_supplier.credit_days,,integer,"Custom credit days for the contact.<br>
If returned as null in a GET response, you may want to GET /invoice_settings
and use 'customer_credit_days'/'vendor_credit_days' as default/fallback according
to your use case.
"
Sage,products,usual_supplier.credit_limit,,number,Custom credit limit amount for the contact <br><i>not applicable to Start</i>
Sage,products,usual_supplier.credit_terms,,string,"Credit terms options determine how invoice due dates are calculated.
Options include: end of next month, a delay of supplier credit_days and immediately.
Only: month_end_invoice, date_from_invoice, immediate_invoice, month_end_payment,
date_from_payment, immediate_payment are valid values.
If returned as null in a GET response, you may want to GET /invoice_settings
and use 'customer_credit_terms'/'vendor_credit_terms' as default.
"
Sage,products,usual_supplier.credit_terms_and_conditions,,string,"Custom terms and conditions for the contact. If set will override global /invoice_settings
default terms and conditions.
<br><i>Customers only</i>
"
Sage,products,usual_supplier.currency,,object,
Sage,products,usual_supplier.default_purchase_ledger_account,,object,
Sage,products,usual_supplier.default_sales_ledger_account,,object,
Sage,products,usual_supplier.default_sales_tax_rate,,object,
Sage,products,usual_supplier.deletable,,boolean,Indicates whether the contact can be deleted successfully
Sage,products,usual_supplier.deleted_at,,string,The datetime when the item was deleted
Sage,products,usual_supplier.delivery_address,,object,
Sage,products,usual_supplier.destination_vat_blocking,,boolean,Identifies a contact should be blocked due to destination vat
Sage,products,usual_supplier.displayed_as,,string,The name of the resource
Sage,products,usual_supplier.email,,string,The email address for the given contact
Sage,products,usual_supplier.gb_based,,boolean,Identifies a contact as being based in Great Britain.
Sage,products,usual_supplier.gdpr_obfuscated,,boolean,"General Data Protection Regulation (GDPR) came into effect on 25th May 2018. It introduces new rules for how business owners manage their contacts' personal data. When this field returns 'true', means that the contact has been requested to be obfuscated and you can not create any artifact (sales invoices, purchase invoices, ...) but you can still check previously created artifacts."
Sage,products,usual_supplier.has_unfinished_recurring_invoices,,boolean,Indicates whether the contact is associated with any unfinished recurring invoices
Sage,products,usual_supplier.id,,string,The unique identifier for the item
Sage,products,usual_supplier.is_active,,boolean,Identifies a contact as being active
Sage,products,usual_supplier.links,,array,Links for the resource
Sage,products,usual_supplier.locale,,string,The locale for the contact
Sage,products,usual_supplier.main_address,,object,
Sage,products,usual_supplier.main_contact_person,,object,
Sage,products,usual_supplier.name,,string,The contact's full name or business name
Sage,products,usual_supplier.ni_based,,boolean,Identifies a contact as being based in Northern Ireland.
Sage,products,usual_supplier.notes,,string,The notes for the contact
Sage,products,usual_supplier.product_sales_price_type,,object,
Sage,products,usual_supplier.reference,,string,Unique reference for the contact
Sage,products,usual_supplier.registered_number,,string,The registered number of the contact's business. Only used for German businesses and represents the 'Steuernummer' there (not the 'USt-ID').
Sage,products,usual_supplier.source_guid,,string,Used when importing contacts from external sources
Sage,products,usual_supplier.system,,boolean,Identifies a contact as being a system contact used for processing specific transaction types and reserved specifically for those transaction types such as tax return payments/refunds.
Sage,products,usual_supplier.tax_calculation,,string,"<b>France:</b> The tax calculation method used to define tax
treatment <i>Vendors only</i>
<br>
<b>Spain:</b> Defines if contact is a retailer and tax is subject
to Recargo de Equivalencia <i>Customers only</i>
<b>United Kingdom:</b> Defines if contact tax treatment is domestic reverse
charge <i>Customers & Suppliers</i>
"
Sage,products,usual_supplier.tax_number,,string,The VAT registration number of the contact. The format will be validated.
Sage,products,usual_supplier.tax_treatment,,object,
Sage,products,usual_supplier.updated_at,,string,The datetime when the item was last updated
Sage,purchaseinvoices,base_currency_cis_applicable_amount,,number,The total amount of CIS deductible labour in the base currency - only applicable in UK
Sage,purchaseinvoices,base_currency_net_amount,,number,The net amount of the invoice in base currency
Sage,purchaseinvoices,base_currency_outstanding_amount,,number,The outstanding amount of the invoice in base currency
Sage,purchaseinvoices,base_currency_tax_amount,,number,The tax amount of the invoice in base currency
Sage,purchaseinvoices,base_currency_total_after_cis_deduction,,number,The total of the artefact with the total of CIS deducted in the base currency - only applicable in UK
Sage,purchaseinvoices,base_currency_total_amount,,number,The total amount of the invoice in base currency
Sage,purchaseinvoices,base_currency_total_itc_amount,,number,"The total amount of input tax credit in base currency for the
                     purchase invoice (Canada only)"
Sage,purchaseinvoices,base_currency_total_itr_amount,,number,"The total amount of input tax refund in base currency for the
                     purchase invoice (Canada only)"
Sage,purchaseinvoices,base_currency_withholding_tax_amount,,number,The withheld Tax Amount in the base currency - only applicable in UK (CIS subcontractor tax) and Spain (IRPF)
Sage,purchaseinvoices,cis_applicable_amount,,number,The total amount of CIS deductible labour - only applicable in UK
Sage,purchaseinvoices,contact.$path,,string,The API path for the resource
Sage,purchaseinvoices,contact.aux_reference,,string,"Auxiliary reference. Used for German 'Kreditorennummer' and 'Debitorennummer'.
<br>
<a href='https://developer.sage.com/accounting/reference/settings/#tag/Datev-Settings'>
  See Datev Settings endpoint reference
</a>
"
Sage,purchaseinvoices,contact.auxiliary_account,,string,"Auxiliary account - used when auxiliary accounting is enabled in business settings.
<br><i>Available only in Spain and France</i>
"
Sage,purchaseinvoices,contact.balance,,number,The contact balance
Sage,purchaseinvoices,contact.bank_account_details,,object,
Sage,purchaseinvoices,contact.cis_registered,,boolean,Identifies a contact as being registered as CIS.<br><i>only applicable to UK business</i>
Sage,purchaseinvoices,contact.cis_settings,,object,
Sage,purchaseinvoices,contact.contact_types,,array,The type of the contact. It has to be either CUSTOMER or VENDOR
Sage,purchaseinvoices,contact.created_at,,string,The datetime when the item was created
Sage,purchaseinvoices,contact.credit_days,,integer,"Custom credit days for the contact.<br>
If returned as null in a GET response, you may want to GET /invoice_settings
and use 'customer_credit_days'/'vendor_credit_days' as default/fallback according
to your use case.
"
Sage,purchaseinvoices,contact.credit_limit,,number,Custom credit limit amount for the contact <br><i>not applicable to Start</i>
Sage,purchaseinvoices,contact.credit_terms,,string,"Credit terms options determine how invoice due dates are calculated.
Options include: end of next month, a delay of supplier credit_days and immediately.
Only: month_end_invoice, date_from_invoice, immediate_invoice, month_end_payment,
date_from_payment, immediate_payment are valid values.
If returned as null in a GET response, you may want to GET /invoice_settings
and use 'customer_credit_terms'/'vendor_credit_terms' as default.
"
Sage,purchaseinvoices,contact.credit_terms_and_conditions,,string,"Custom terms and conditions for the contact. If set will override global /invoice_settings
default terms and conditions.
<br><i>Customers only</i>
"
Sage,purchaseinvoices,contact.currency,,object,
Sage,purchaseinvoices,contact.default_purchase_ledger_account,,object,
Sage,purchaseinvoices,contact.default_sales_ledger_account,,object,
Sage,purchaseinvoices,contact.default_sales_tax_rate,,object,
Sage,purchaseinvoices,contact.deletable,,boolean,Indicates whether the contact can be deleted successfully
Sage,purchaseinvoices,contact.deleted_at,,string,The datetime when the item was deleted
Sage,purchaseinvoices,contact.delivery_address,,object,
Sage,purchaseinvoices,contact.destination_vat_blocking,,boolean,Identifies a contact should be blocked due to destination vat
Sage,purchaseinvoices,contact.displayed_as,,string,The name of the resource
Sage,purchaseinvoices,contact.email,,string,The email address for the given contact
Sage,purchaseinvoices,contact.gb_based,,boolean,Identifies a contact as being based in Great Britain.
Sage,purchaseinvoices,contact.gdpr_obfuscated,,boolean,"General Data Protection Regulation (GDPR) came into effect on 25th May 2018. It introduces new rules for how business owners manage their contacts' personal data. When this field returns 'true', means that the contact has been requested to be obfuscated and you can not create any artifact (sales invoices, purchase invoices, ...) but you can still check previously created artifacts."
Sage,purchaseinvoices,contact.has_unfinished_recurring_invoices,,boolean,Indicates whether the contact is associated with any unfinished recurring invoices
Sage,purchaseinvoices,contact.id,,string,The unique identifier for the item
Sage,purchaseinvoices,contact.is_active,,boolean,Identifies a contact as being active
Sage,purchaseinvoices,contact.links,,array,Links for the resource
Sage,purchaseinvoices,contact.locale,,string,The locale for the contact
Sage,purchaseinvoices,contact.main_address,,object,
Sage,purchaseinvoices,contact.main_contact_person,,object,
Sage,purchaseinvoices,contact.name,,string,The contact's full name or business name
Sage,purchaseinvoices,contact.ni_based,,boolean,Identifies a contact as being based in Northern Ireland.
Sage,purchaseinvoices,contact.notes,,string,The notes for the contact
Sage,purchaseinvoices,contact.product_sales_price_type,,object,
Sage,purchaseinvoices,contact.reference,,string,Unique reference for the contact
Sage,purchaseinvoices,contact.registered_number,,string,The registered number of the contact's business. Only used for German businesses and represents the 'Steuernummer' there (not the 'USt-ID').
Sage,purchaseinvoices,contact.source_guid,,string,Used when importing contacts from external sources
Sage,purchaseinvoices,contact.system,,boolean,Identifies a contact as being a system contact used for processing specific transaction types and reserved specifically for those transaction types such as tax return payments/refunds.
Sage,purchaseinvoices,contact.tax_calculation,,string,"<b>France:</b> The tax calculation method used to define tax
treatment <i>Vendors only</i>
<br>
<b>Spain:</b> Defines if contact is a retailer and tax is subject
to Recargo de Equivalencia <i>Customers only</i>
<b>United Kingdom:</b> Defines if contact tax treatment is domestic reverse
charge <i>Customers & Suppliers</i>
"
Sage,purchaseinvoices,contact.tax_number,,string,The VAT registration number of the contact. The format will be validated.
Sage,purchaseinvoices,contact.tax_treatment,,object,
Sage,purchaseinvoices,contact.updated_at,,string,The datetime when the item was last updated
Sage,purchaseinvoices,contact_name,,string,The name of the contact when the invoice was created
Sage,purchaseinvoices,contact_reference,,string,The reference of the contact when the invoice was created
Sage,purchaseinvoices,corrections,$path,string,The API path for the resource
Sage,purchaseinvoices,corrections,base_currency_net_amount,number,The net amount of the invoice in base currency
Sage,purchaseinvoices,corrections,base_currency_outstanding_amount,number,The outstanding amount of the invoice in base currency
Sage,purchaseinvoices,corrections,base_currency_tax_amount,number,The tax amount of the invoice in base currency
Sage,purchaseinvoices,corrections,base_currency_total_amount,number,The total amount of the invoice in base currency
Sage,purchaseinvoices,corrections,base_currency_withholding_tax_amount,number,IRPF withheld Tax Amount (Spain only) in the base currency
Sage,purchaseinvoices,corrections,contact,object,
Sage,purchaseinvoices,corrections,contact_name,string,The name of the contact when the invoice was created
Sage,purchaseinvoices,corrections,contact_reference,string,The reference of the contact when the invoice was created
Sage,purchaseinvoices,corrections,created_at,string,The datetime when the item was created
Sage,purchaseinvoices,corrections,currency,object,
Sage,purchaseinvoices,corrections,date,string,The date of the invoice
Sage,purchaseinvoices,corrections,deleted_at,string,The datetime when the item was deleted
Sage,purchaseinvoices,corrections,detailed_tax_analysis,object,
Sage,purchaseinvoices,corrections,displayed_as,string,The name of the resource
Sage,purchaseinvoices,corrections,due_date,string,The due date of the invoice
Sage,purchaseinvoices,corrections,editable,boolean,Indicates whether artefact can be edited
Sage,purchaseinvoices,corrections,exchange_rate,number,The exchange rate for the invoice
Sage,purchaseinvoices,corrections,id,string,The unique identifier for the item
Sage,purchaseinvoices,corrections,import,boolean,"Indicates whether import rules are applied to the artefact. Only used for Accounting businesses, where the vendor is flagged as importer."
Sage,purchaseinvoices,corrections,inverse_exchange_rate,string,The inverse exchange rate for the credit note
Sage,purchaseinvoices,corrections,invoice_lines,array,The invoice lines of the invoice
Sage,purchaseinvoices,corrections,last_paid,string,The date of the last payment
Sage,purchaseinvoices,corrections,links,array,Links for the resource
Sage,purchaseinvoices,corrections,net_amount,number,The net amount of the invoice
Sage,purchaseinvoices,corrections,notes,string,Invoice notes
Sage,purchaseinvoices,corrections,original_invoice,object,
Sage,purchaseinvoices,corrections,original_invoice_date,string,The Invoice date relating to the original invoice (Spain only)
Sage,purchaseinvoices,corrections,original_invoice_number,string,The number relating to the original invoice (Spain only)
Sage,purchaseinvoices,corrections,outstanding_amount,number,The outstanding amount of the invoice
Sage,purchaseinvoices,corrections,payments_allocations,array,The associated payments and allocations
Sage,purchaseinvoices,corrections,payments_allocations_total_amount,number,The total amount of all payments and allocations
Sage,purchaseinvoices,corrections,payments_allocations_total_discount,number,The total discount of all payments and allocations
Sage,purchaseinvoices,corrections,reference,string,The reference for the invoice
Sage,purchaseinvoices,corrections,status,object,
Sage,purchaseinvoices,corrections,tax_amount,number,The tax amount of the invoice
Sage,purchaseinvoices,corrections,tax_analysis,array,"The invoice tax analysis (Optional for Spain, restricted for all other regions)"
Sage,purchaseinvoices,corrections,tax_reconciled,boolean,Indicates if the artefact is tax reconciled or not.
Sage,purchaseinvoices,corrections,total_amount,number,The total amount of the invoice
Sage,purchaseinvoices,corrections,total_paid,number,"The total paid amount of the invoice including any payments, allocations and discounts"
Sage,purchaseinvoices,corrections,total_quantity,number,The total quantity of the invoice
Sage,purchaseinvoices,corrections,transaction,object,
Sage,purchaseinvoices,corrections,transaction_type,object,
Sage,purchaseinvoices,corrections,updated_at,string,The datetime when the item was last updated
Sage,purchaseinvoices,corrections,vat_reverse_charge,boolean,Indicates whether Domestic Reverser Charge is applied to the artefact. Only used for a UK business.
Sage,purchaseinvoices,corrections,vendor_reference,string,The vendor reference for the invoice
Sage,purchaseinvoices,corrections,void_reason,string,The reason the invoice was voided
Sage,purchaseinvoices,corrections,withholding_tax_amount,number,IRPF withheld Tax Amount (Spain only)
Sage,purchaseinvoices,corrections,withholding_tax_rate,number,IRPF withheld Tax Rate (Spain only)
Sage,purchaseinvoices,created_at,,string,The datetime when the item was created
Sage,purchaseinvoices,currency.$path,,string,The API path for the resource
Sage,purchaseinvoices,currency.displayed_as,,string,The name of the resource
Sage,purchaseinvoices,currency.id,,string,The unique identifier for the item
Sage,purchaseinvoices,date,,string,The date of the invoice
Sage,purchaseinvoices,deleted_at,,string,The datetime when the item was deleted
Sage,purchaseinvoices,detailed_tax_analysis.base_currency_total,,number,The total base currency amount for all tax rates
Sage,purchaseinvoices,detailed_tax_analysis.base_currency_total_goods_amount,,number,The total base currency amount relating to goods for all tax rates
Sage,purchaseinvoices,detailed_tax_analysis.base_currency_total_net,,number,The base currency total net amount for all tax rates
Sage,purchaseinvoices,detailed_tax_analysis.base_currency_total_services_amount,,number,The total base currency amount relating to services for all tax rates
Sage,purchaseinvoices,detailed_tax_analysis.base_currency_total_tax,,number,The base currency total tax amount for all tax rates
Sage,purchaseinvoices,detailed_tax_analysis.tax_rates_breakdown,,object,
Sage,purchaseinvoices,detailed_tax_analysis.total,,number,The total amount for all tax rates
Sage,purchaseinvoices,detailed_tax_analysis.total_goods_amount,,number,The total amount relating to goods for all tax rates
Sage,purchaseinvoices,detailed_tax_analysis.total_net,,number,The total net amount for all tax rates
Sage,purchaseinvoices,detailed_tax_analysis.total_retailer_tax,,number,The total retailer tax amount for all tax rates
Sage,purchaseinvoices,detailed_tax_analysis.total_services_amount,,number,The total amount relating to services for all tax rates
Sage,purchaseinvoices,detailed_tax_analysis.total_tax,,number,The total tax amount for all tax rates
Sage,purchaseinvoices,displayed_as,,string,The name of the resource
Sage,purchaseinvoices,due_date,,string,The due date of the invoice
Sage,purchaseinvoices,editable,,boolean,Indicates whether artefact can be edited
Sage,purchaseinvoices,exchange_rate,,number,The exchange rate for the invoice
Sage,purchaseinvoices,has_cis_labour,,boolean,Identifies an artefact as having CIS Labour line items
Sage,purchaseinvoices,has_cis_materials,,boolean,Identifies an artefact as having CIS Materials line items
Sage,purchaseinvoices,id,,string,The unique identifier for the item
Sage,purchaseinvoices,import,,boolean,"Indicates whether import rules are applied to the artefact. Only used for UK, IE, FR and ES Accounting businesses, where the vendor is flagged as importer."
Sage,purchaseinvoices,inverse_exchange_rate,,number,The inverse exchange rate for the invoice
Sage,purchaseinvoices,invoice_lines,analysis_type_categories,array,The analysis types information
Sage,purchaseinvoices,invoice_lines,base_currency_net_amount,number,The net amount for the invoice line in base currency
Sage,purchaseinvoices,invoice_lines,base_currency_tax_amount,number,The tax amount for the invoice line in base currency
Sage,purchaseinvoices,invoice_lines,base_currency_tax_breakdown,array,The tax breakdown for the invoice line in base currency
Sage,purchaseinvoices,invoice_lines,base_currency_total_amount,number,The total amount for the invoice line in base currency
Sage,purchaseinvoices,invoice_lines,base_currency_unit_price,number,The unit price for the invoice line in base currency
Sage,purchaseinvoices,invoice_lines,description,string,The description for the invoice line
Sage,purchaseinvoices,invoice_lines,displayed_as,string,The name of the resource
Sage,purchaseinvoices,invoice_lines,eu_goods_services_type,object,
Sage,purchaseinvoices,invoice_lines,gst_amount,number,The gst or hst tax amount for the invoice line
Sage,purchaseinvoices,invoice_lines,id,string,The unique identifier for the item
Sage,purchaseinvoices,invoice_lines,is_purchase_for_resale,boolean,Identifies whether the line item is for resale. (Ireland Only)
Sage,purchaseinvoices,invoice_lines,ledger_account,object,
Sage,purchaseinvoices,invoice_lines,net_amount,number,The net amount for the invoice line
Sage,purchaseinvoices,invoice_lines,product,object,
Sage,purchaseinvoices,invoice_lines,pst_amount,number,The pst or qst tax amount for the invoice line
Sage,purchaseinvoices,invoice_lines,quantity,number,The quantity for the invoice line
Sage,purchaseinvoices,invoice_lines,service,object,
Sage,purchaseinvoices,invoice_lines,tax_amount,number,"The tax amount for the invoice line'. This attribute is required in v3.1, unless the tax rate is of a 'zero', 'exempt' or 'no_tax' type. Then the tax_amount is infered as 0.0. In v3, this attribute is optional, but you should still set, as it defaults to 0.0 in any case. This is not what you want for tax rates with a percentage > 0.0."
Sage,purchaseinvoices,invoice_lines,tax_breakdown,array,The tax breakdown for the invoice line
Sage,purchaseinvoices,invoice_lines,tax_rate,object,
Sage,purchaseinvoices,invoice_lines,tax_recoverable,boolean,Indicates if the invoice line is tax recoverable or not
Sage,purchaseinvoices,invoice_lines,total_amount,number,The total amount for the invoice line
Sage,purchaseinvoices,invoice_lines,trade_of_asset,boolean,Whether the line item is marked as trade of asset.
Sage,purchaseinvoices,invoice_lines,unit_price,number,The unit price for the invoice line
Sage,purchaseinvoices,invoice_lines,unit_price_includes_tax,boolean,Defines whether the unit price includes tax
Sage,purchaseinvoices,is_cis,,boolean,Identifies an artefact as CIS (Construction Industry Scheme) applicable - UK only
Sage,purchaseinvoices,last_paid,,string,The date of the last payment
Sage,purchaseinvoices,links,,array,Links for the resource
Sage,purchaseinvoices,migrated,,boolean,Indicates if the purchase invoice was migrated from another system.
Sage,purchaseinvoices,net_amount,,number,The net amount of the invoice
Sage,purchaseinvoices,notes,,string,Invoice notes
Sage,purchaseinvoices,outstanding_amount,,number,The outstanding amount of the invoice
Sage,purchaseinvoices,part_recoverable,,boolean,Indicates if the purchase invoice is part recoverable or not (Canada only)
Sage,purchaseinvoices,payments_allocations,amount,number,The allocated amount of the payment/allocation
Sage,purchaseinvoices,payments_allocations,artefact,object,
Sage,purchaseinvoices,payments_allocations,contact_allocation,object,
Sage,purchaseinvoices,payments_allocations,contact_payment,object,
Sage,purchaseinvoices,payments_allocations,date,string,The date for the payment/allocation
Sage,purchaseinvoices,payments_allocations,discount,number,The discount amount of the payment/allocation
Sage,purchaseinvoices,payments_allocations,displayed_as,string,Display text for the item
Sage,purchaseinvoices,payments_allocations,links,array,Links for the resource
Sage,purchaseinvoices,payments_allocations,negative_payment,boolean,This is a negative payment
Sage,purchaseinvoices,payments_allocations,reference,string,The reference for the payment/allocation
Sage,purchaseinvoices,payments_allocations,stripe_transaction_id,string,
Sage,purchaseinvoices,payments_allocations,type,string,The type of the payment/allocation
Sage,purchaseinvoices,payments_allocations_total_amount,,number,The total amount of all payments and allocations
Sage,purchaseinvoices,payments_allocations_total_discount,,number,The total discount of all payments and allocations
Sage,purchaseinvoices,postponed_accounting,,boolean,"Indicates whether postponed accounting rules are applied to the artefact. Only used for UK and IE accounting businesses, where the vendor is flagged as importer"
Sage,purchaseinvoices,reference,,string,The reference for the invoice
Sage,purchaseinvoices,status.$path,,string,The API path for the resource
Sage,purchaseinvoices,status.displayed_as,,string,The name of the resource
Sage,purchaseinvoices,status.id,,string,The unique identifier for the item
Sage,purchaseinvoices,tax_address_region.$path,,string,The API path for the resource
Sage,purchaseinvoices,tax_address_region.displayed_as,,string,The name of the resource
Sage,purchaseinvoices,tax_address_region.id,,string,The unique identifier for the item
Sage,purchaseinvoices,tax_amount,,number,The tax amount of the invoice
Sage,purchaseinvoices,tax_analysis,goods_amount,number,The total amount for the tax rate relating to goods
Sage,purchaseinvoices,tax_analysis,net_amount,number,The net amount for the tax rate
Sage,purchaseinvoices,tax_analysis,service_amount,number,The total amount for the tax rate relating to services
Sage,purchaseinvoices,tax_analysis,tax_amount,number,The tax amount for the tax rate
Sage,purchaseinvoices,tax_analysis,tax_rate,object,
Sage,purchaseinvoices,tax_analysis,total_amount,number,The total amount for the tax rate
Sage,purchaseinvoices,tax_calculation_method,,string,"The tax calculation method, if applicable, for this purchase invoice, returns invoice or cash."
Sage,purchaseinvoices,tax_reconciled,,boolean,Indicates if the purchase invoice is tax reconciled or not.
Sage,purchaseinvoices,total_after_cis_deduction,,number,The total of the artefact with the total of CIS deducted - only applicable in UK
Sage,purchaseinvoices,total_amount,,number,The total amount of the invoice
Sage,purchaseinvoices,total_itc_amount,,number,The total amount of input tax credit for the purchase invoice (Canada only)
Sage,purchaseinvoices,total_itr_amount,,number,The total amount of input tax refund for the purchase invoice (Canada only)
Sage,purchaseinvoices,total_paid,,number,"The total paid amount of the invoice including any payments, allocations and discounts"
Sage,purchaseinvoices,total_quantity,,number,The total quantity of the invoice
Sage,purchaseinvoices,transaction.$path,,string,The API path for the resource
Sage,purchaseinvoices,transaction.audit_trail_id,,string,The original entity that generated the transaction
Sage,purchaseinvoices,transaction.contact,,object,
Sage,purchaseinvoices,transaction.created_at,,string,The datetime when the item was created
Sage,purchaseinvoices,transaction.date,,string,The date of the transaction
Sage,purchaseinvoices,transaction.deleted,,boolean,Indicates whether the transaction has been deleted
Sage,purchaseinvoices,transaction.displayed_as,,string,The name of the resource
Sage,purchaseinvoices,transaction.id,,string,The unique identifier for the item
Sage,purchaseinvoices,transaction.number_of_attachments,,string,The number of attachments related to the transaction
Sage,purchaseinvoices,transaction.origin,,object,
Sage,purchaseinvoices,transaction.reference,,string,The transaction reference
Sage,purchaseinvoices,transaction.total,,number,The transaction total in the base currency
Sage,purchaseinvoices,transaction.total_in_transaction_currency,,number,The transaction total in the transaction's origin's currency. This is null for some origin types.
Sage,purchaseinvoices,transaction.transaction_type,,object,
Sage,purchaseinvoices,transaction.updated_at,,string,The datetime when the item was last updated
Sage,purchaseinvoices,transaction_type.$path,,string,The API path for the resource
Sage,purchaseinvoices,transaction_type.displayed_as,,string,The name of the resource
Sage,purchaseinvoices,transaction_type.id,,string,The unique identifier for the item
Sage,purchaseinvoices,updated_at,,string,The datetime when the item was last updated
Sage,purchaseinvoices,vat_exempt_consignment,,boolean,"Indicates whether vat exempt import is applied to the artefact. Only used for a UK business, where the artefact has the consignment checkbox selected."
Sage,purchaseinvoices,vat_reverse_charge,,boolean,Indicates whether Domestic Reverser Charge is applied to the artefact. Only used for a UK business.
Sage,purchaseinvoices,vendor_reference,,string,The vendor reference for the invoice
Sage,purchaseinvoices,void_reason,,string,The reason the invoice was voided
Sage,purchaseinvoices,withholding_tax_amount,,number,The withheld Tax Amount - only applicable in UK (CIS subcontractor tax) and Spain (IRPF)
Sage,purchaseinvoices,withholding_tax_rate,,number,The withheld Tax Rate - only applicable in UK (CIS subcontractor tax rate) and Spain (IRPF)
Sage,salescreditnotes,displayed_as,,string,
Sage,salescreditnotes,id,,string,
Sage,salesestimates,displayed_as,,string,
Sage,salesestimates,id,,string,
Sage,salesinvoices,displayed_as,,string,
Sage,salesinvoices,id,,string,
Sage,salesquotes,displayed_as,,string,
Sage,salesquotes,id,,string,
Sage,services,active,,boolean,Indicates whether the service is active
Sage,services,cost_price,,number,The cost price of the service
Sage,services,created_at,,string,The datetime when the item was created
Sage,services,deactivatable,,boolean,Indicates whether the service can be deactivated
Sage,services,deletable,,boolean,Indicates whether the service can be deleted
Sage,services,deleted_at,,string,The datetime when the item was deleted
Sage,services,description,,string,The service description
Sage,services,displayed_as,,string,The name of the resource
Sage,services,id,,string,The unique identifier for the item
Sage,services,item_code,,string,The item code for the service
Sage,services,notes,,string,The notes for the service
Sage,services,oss_service,,boolean,Indicates whether the service is One Stop Shop
Sage,services,purchase_description,,string,The service purchase description
Sage,services,purchase_ledger_account.$path,,string,The API path for the resource
Sage,services,purchase_ledger_account.displayed_as,,string,The name of the resource
Sage,services,purchase_ledger_account.id,,string,The unique identifier for the item
Sage,services,purchase_tax_rate.$path,,string,The API path for the resource
Sage,services,purchase_tax_rate.displayed_as,,string,The name of the resource
Sage,services,purchase_tax_rate.id,,string,The unique identifier for the item
Sage,services,sales_ledger_account.$path,,string,The API path for the resource
Sage,services,sales_ledger_account.displayed_as,,string,The name of the resource
Sage,services,sales_ledger_account.id,,string,The unique identifier for the item
Sage,services,sales_rates,created_at,string,The datetime when the item was created
Sage,services,sales_rates,displayed_as,string,The name of the resource
Sage,services,sales_rates,id,string,The unique identifier for the item
Sage,services,sales_rates,rate,number,The rate amount
Sage,services,sales_rates,rate_includes_tax,boolean,Indicates whether the rate already includes tax
Sage,services,sales_rates,rate_name,string,The name of the service rate
Sage,services,sales_rates,service_rate_type,object,The service rate type
Sage,services,sales_rates,updated_at,string,The datetime when the item was last updated
Sage,services,sales_tax_rate.$path,,string,The API path for the resource
Sage,services,sales_tax_rate.displayed_as,,string,The name of the resource
Sage,services,sales_tax_rate.id,,string,The unique identifier for the item
Sage,services,source_guid,,string,Used when importing services from external sources
Sage,services,updated_at,,string,The datetime when the item was last updated
Sage,services,used_on_recurring_invoice,,boolean,Indicates whether the service has been used on a recurring invoice
Sage,services,usual_supplier.$path,,string,The API path for the resource
Sage,services,usual_supplier.aux_reference,,string,"Auxiliary reference. Used for German 'Kreditorennummer' and 'Debitorennummer'.
<br>
<a href='https://developer.sage.com/accounting/reference/settings/#tag/Datev-Settings'>
  See Datev Settings endpoint reference
</a>
"
Sage,services,usual_supplier.auxiliary_account,,string,"Auxiliary account - used when auxiliary accounting is enabled in business settings.
<br><i>Available only in Spain and France</i>
"
Sage,services,usual_supplier.balance,,number,The contact balance
Sage,services,usual_supplier.bank_account_details,,object,
Sage,services,usual_supplier.cis_registered,,boolean,Identifies a contact as being registered as CIS.<br><i>only applicable to UK business</i>
Sage,services,usual_supplier.cis_settings,,object,
Sage,services,usual_supplier.contact_types,,array,The type of the contact. It has to be either CUSTOMER or VENDOR
Sage,services,usual_supplier.created_at,,string,The datetime when the item was created
Sage,services,usual_supplier.credit_days,,integer,"Custom credit days for the contact.<br>
If returned as null in a GET response, you may want to GET /invoice_settings
and use 'customer_credit_days'/'vendor_credit_days' as default/fallback according
to your use case.
"
Sage,services,usual_supplier.credit_limit,,number,Custom credit limit amount for the contact <br><i>not applicable to Start</i>
Sage,services,usual_supplier.credit_terms,,string,"Credit terms options determine how invoice due dates are calculated.
Options include: end of next month, a delay of supplier credit_days and immediately.
Only: month_end_invoice, date_from_invoice, immediate_invoice, month_end_payment,
date_from_payment, immediate_payment are valid values.
If returned as null in a GET response, you may want to GET /invoice_settings
and use 'customer_credit_terms'/'vendor_credit_terms' as default.
"
Sage,services,usual_supplier.credit_terms_and_conditions,,string,"Custom terms and conditions for the contact. If set will override global /invoice_settings
default terms and conditions.
<br><i>Customers only</i>
"
Sage,services,usual_supplier.currency,,object,
Sage,services,usual_supplier.default_purchase_ledger_account,,object,
Sage,services,usual_supplier.default_sales_ledger_account,,object,
Sage,services,usual_supplier.default_sales_tax_rate,,object,
Sage,services,usual_supplier.deletable,,boolean,Indicates whether the contact can be deleted successfully
Sage,services,usual_supplier.deleted_at,,string,The datetime when the item was deleted
Sage,services,usual_supplier.delivery_address,,object,
Sage,services,usual_supplier.destination_vat_blocking,,boolean,Identifies a contact should be blocked due to destination vat
Sage,services,usual_supplier.displayed_as,,string,The name of the resource
Sage,services,usual_supplier.email,,string,The email address for the given contact
Sage,services,usual_supplier.gb_based,,boolean,Identifies a contact as being based in Great Britain.
Sage,services,usual_supplier.gdpr_obfuscated,,boolean,"General Data Protection Regulation (GDPR) came into effect on 25th May 2018. It introduces new rules for how business owners manage their contacts' personal data. When this field returns 'true', means that the contact has been requested to be obfuscated and you can not create any artifact (sales invoices, purchase invoices, ...) but you can still check previously created artifacts."
Sage,services,usual_supplier.has_unfinished_recurring_invoices,,boolean,Indicates whether the contact is associated with any unfinished recurring invoices
Sage,services,usual_supplier.id,,string,The unique identifier for the item
Sage,services,usual_supplier.is_active,,boolean,Identifies a contact as being active
Sage,services,usual_supplier.links,,array,Links for the resource
Sage,services,usual_supplier.locale,,string,The locale for the contact
Sage,services,usual_supplier.main_address,,object,
Sage,services,usual_supplier.main_contact_person,,object,
Sage,services,usual_supplier.name,,string,The contact's full name or business name
Sage,services,usual_supplier.ni_based,,boolean,Identifies a contact as being based in Northern Ireland.
Sage,services,usual_supplier.notes,,string,The notes for the contact
Sage,services,usual_supplier.product_sales_price_type,,object,
Sage,services,usual_supplier.reference,,string,Unique reference for the contact
Sage,services,usual_supplier.registered_number,,string,The registered number of the contact's business. Only used for German businesses and represents the 'Steuernummer' there (not the 'USt-ID').
Sage,services,usual_supplier.source_guid,,string,Used when importing contacts from external sources
Sage,services,usual_supplier.system,,boolean,Identifies a contact as being a system contact used for processing specific transaction types and reserved specifically for those transaction types such as tax return payments/refunds.
Sage,services,usual_supplier.tax_calculation,,string,"<b>France:</b> The tax calculation method used to define tax
treatment <i>Vendors only</i>
<br>
<b>Spain:</b> Defines if contact is a retailer and tax is subject
to Recargo de Equivalencia <i>Customers only</i>
<b>United Kingdom:</b> Defines if contact tax treatment is domestic reverse
charge <i>Customers & Suppliers</i>
"
Sage,services,usual_supplier.tax_number,,string,The VAT registration number of the contact. The format will be validated.
Sage,services,usual_supplier.tax_treatment,,object,
Sage,services,usual_supplier.updated_at,,string,The datetime when the item was last updated
